text,label,timestamp,source,symbol
"Bitcoin surges past 100k as institutional adoption grows",2,2024-01-15 10:30:00,news,BTCUSDT
"Market volatility increases amid Fed rate decision uncertainty",1,2024-01-15 11:00:00,news,BTCUSDT
"Major exchange faces liquidity crisis users withdraw funds",0,2024-01-15 12:00:00,twitter,BTCUSDT
"Ethereum upgrade successful fees drop significantly",2,2024-01-15 14:00:00,reddit,ETHUSDT
"Crypto market consolidates after strong rally",1,2024-01-15 15:00:00,news,BTCUSDT
"Bitcoin ETF approval expected to drive massive inflows",2,2024-01-16 09:00:00,news,BTCUSDT
"Regulatory crackdown on crypto exchanges sparks selloff",0,2024-01-16 10:30:00,news,BTCUSDT
"Whale movements suggest accumulation phase",2,2024-01-16 12:00:00,twitter,BTCUSDT
"Trading volume remains low ahead of key economic data",1,2024-01-16 14:00:00,news,BTCUSDT
"Scam tokens dump 90 percent leaving retail holders rekt",0,2024-01-16 16:00:00,reddit,BTCUSDT
"BlackRock and Fidelity continue buying Bitcoin",2,2024-01-17 08:00:00,news,BTCUSDT
"Macro outlook improves risk assets recover",2,2024-01-17 11:00:00,news,BTCUSDT
"Technical analysis shows potential double top formation",0,2024-01-17 13:00:00,twitter,BTCUSDT
"Mixed signals from on-chain metrics",1,2024-01-17 15:00:00,news,BTCUSDT
"Developer activity reaches all-time high",2,2024-01-17 17:00:00,reddit,ETHUSDT
